Workbook

Sheet Hướng dẫn
A1: TEST CASES & UAT - HƯỚNG DẪN SỬ DỤNG
A2: Dự án: Tính năng Trả hàng & Hoàn tiền - Công ty Điện Máy Cam | Mã: RR-TC-001 | Phiên bản 1.0 | Cập nhật: 21/08/2026 | Người soạn: Lê Văn Mạnh (BA)
A4: Mục đích | B4: Quản lý kịch bản kiểm thử, test case, checklist UAT và lỗi phát sinh của dự án. Test case được viết từ Acceptance Criteria (sheet User Stories - file RequirementsList) và Business Rules (SRS mục 3.5).
A5: Summary | B5: Tổng hợp tự động kết quả test theo module, tiến độ UAT và số lỗi theo mức độ
A6: Test Scenarios | B6: 16 kịch bản kiểm thử, liên kết User Story
A7: Test Cases | B7: Test case chi tiết: điều kiện, các bước, dữ liệu, kết quả mong đợi. Cập nhật cột Kết quả thực tế, Trạng thái, Người test, Ngày test khi chạy
A8: UAT Checklist | B8: Kịch bản UAT theo ngôn ngữ nghiệp vụ cho từng vai trò (xem thêm RR-UAT-001)
A9: Defect Log | B9: Ghi nhận lỗi: mô tả, bước tái hiện, mức độ, người xử lý
A10: Ô nền vàng nhạt | B10: Cột cập nhật khi thực hiện test; chọn giá trị từ danh sách thả xuống
A11: Trạng thái test | B11: Not Run: chưa chạy - Pass: đạt - Fail: không đạt (ghi Defect ID) - Blocked: không chạy được do lỗi khác hoặc chờ làm rõ yêu cầu
A12: Mức độ lỗi | B12: Critical: chặn luồng chính hoặc sai tiền - High: sai nghiệp vụ quan trọng, có cách làm tạm - Medium: ảnh hưởng trải nghiệm - Low: lỗi hiển thị, chính tả
A13: Trạng thái hiện tại | B13: Dự án ở giai đoạn thiết kế, chưa có bản build nên toàn bộ test case ở trạng thái Not Run. Test case có ghi chú "Chờ OQ-xx" cần cập nhật kết quả mong đợi khi câu hỏi mở được trả lời.

Sheet Summary
A1: TỔNG HỢP KẾT QUẢ KIỂM THỬ
A2: Dự án: Tính năng Trả hàng & Hoàn tiền - Công ty Điện Máy Cam | Mã: RR-TC-001 | Phiên bản 1.0 | Cập nhật: 21/08/2026 | Người soạn: Lê Văn Mạnh (BA)
A4: 1. Test case theo module
A5: Module | B5: Tổng | C5: Pass | D5: Fail | E5: Blocked | F5: Not Run | G5: % Pass
A6: App - Tạo yêu cầu | B6: =COUNTIF('Test Cases'!$C$5:$C$300,A6) -> 9 | C6: =COUNTIFS('Test Cases'!$C$5:$C$300,$A6,'Test Cases'!$J$5:$J$300,"Pass") -> 0 | D6: =COUNTIFS('Test Cases'!$C$5:$C$300,$A6,'Test Cases'!$J$5:$J$300,"Fail") -> 0 | E6: =COUNTIFS('Test Cases'!$C$5:$C$300,$A6,'Test Cases'!$J$5:$J$300,"Blocked") -> 0 | F6: =COUNTIFS('Test Cases'!$C$5:$C$300,$A6,'Test Cases'!$J$5:$J$300,"Not Run") -> 9 | G6: =IFERROR(C6/B6,0) -> 0
A7: App - Tính tiền hoàn | B7: =COUNTIF('Test Cases'!$C$5:$C$300,A7) -> 5 | C7: =COUNTIFS('Test Cases'!$C$5:$C$300,$A7,'Test Cases'!$J$5:$J$300,"Pass") -> 0 | D7: =COUNTIFS('Test Cases'!$C$5:$C$300,$A7,'Test Cases'!$J$5:$J$300,"Fail") -> 0 | E7: =COUNTIFS('Test Cases'!$C$5:$C$300,$A7,'Test Cases'!$J$5:$J$300,"Blocked") -> 0 | F7: =COUNTIFS('Test Cases'!$C$5:$C$300,$A7,'Test Cases'!$J$5:$J$300,"Not Run") -> 5 | G7: =IFERROR(C7/B7,0) -> 0
A8: App - Theo dõi | B8: =COUNTIF('Test Cases'!$C$5:$C$300,A8) -> 3 | C8: =COUNTIFS('Test Cases'!$C$5:$C$300,$A8,'Test Cases'!$J$5:$J$300,"Pass") -> 0 | D8: =COUNTIFS('Test Cases'!$C$5:$C$300,$A8,'Test Cases'!$J$5:$J$300,"Fail") -> 0 | E8: =COUNTIFS('Test Cases'!$C$5:$C$300,$A8,'Test Cases'!$J$5:$J$300,"Blocked") -> 0 | F8: =COUNTIFS('Test Cases'!$C$5:$C$300,$A8,'Test Cases'!$J$5:$J$300,"Not Run") -> 3 | G8: =IFERROR(C8/B8,0) -> 0
A9: Admin - CSKH | B9: =COUNTIF('Test Cases'!$C$5:$C$300,A9) -> 3 | C9: =COUNTIFS('Test Cases'!$C$5:$C$300,$A9,'Test Cases'!$J$5:$J$300,"Pass") -> 0 | D9: =COUNTIFS('Test Cases'!$C$5:$C$300,$A9,'Test Cases'!$J$5:$J$300,"Fail") -> 0 | E9: =COUNTIFS('Test Cases'!$C$5:$C$300,$A9,'Test Cases'!$J$5:$J$300,"Blocked") -> 0 | F9: =COUNTIFS('Test Cases'!$C$5:$C$300,$A9,'Test Cases'!$J$5:$J$300,"Not Run") -> 3 | G9: =IFERROR(C9/B9,0) -> 0
A10: Admin - Kho | B10: =COUNTIF('Test Cases'!$C$5:$C$300,A10) -> 3 | C10: =COUNTIFS('Test Cases'!$C$5:$C$300,$A10,'Test Cases'!$J$5:$J$300,"Pass") -> 0 | D10: =COUNTIFS('Test Cases'!$C$5:$C$300,$A10,'Test Cases'!$J$5:$J$300,"Fail") -> 0 | E10: =COUNTIFS('Test Cases'!$C$5:$C$300,$A10,'Test Cases'!$J$5:$J$300,"Blocked") -> 0 | F10: =COUNTIFS('Test Cases'!$C$5:$C$300,$A10,'Test Cases'!$J$5:$J$300,"Not Run") -> 3 | G10: =IFERROR(C10/B10,0) -> 0
A11: Hoàn tiền | B11: =COUNTIF('Test Cases'!$C$5:$C$300,A11) -> 4 | C11: =COUNTIFS('Test Cases'!$C$5:$C$300,$A11,'Test Cases'!$J$5:$J$300,"Pass") -> 0 | D11: =COUNTIFS('Test Cases'!$C$5:$C$300,$A11,'Test Cases'!$J$5:$J$300,"Fail") -> 0 | E11: =COUNTIFS('Test Cases'!$C$5:$C$300,$A11,'Test Cases'!$J$5:$J$300,"Blocked") -> 0 | F11: =COUNTIFS('Test Cases'!$C$5:$C$300,$A11,'Test Cases'!$J$5:$J$300,"Not Run") -> 4 | G11: =IFERROR(C11/B11,0) -> 0
A12: Phân quyền & bảo mật | B12: =COUNTIF('Test Cases'!$C$5:$C$300,A12) -> 2 | C12: =COUNTIFS('Test Cases'!$C$5:$C$300,$A12,'Test Cases'!$J$5:$J$300,"Pass") -> 0 | D12: =COUNTIFS('Test Cases'!$C$5:$C$300,$A12,'Test Cases'!$J$5:$J$300,"Fail") -> 0 | E12: =COUNTIFS('Test Cases'!$C$5:$C$300,$A12,'Test Cases'!$J$5:$J$300,"Blocked") -> 0 | F12: =COUNTIFS('Test Cases'!$C$5:$C$300,$A12,'Test Cases'!$J$5:$J$300,"Not Run") -> 2 | G12: =IFERROR(C12/B12,0) -> 0
A13: Tổng | B13: =SUM(B6:B12) -> 29 | C13: =SUM(C6:C12) -> 0 | D13: =SUM(D6:D12) -> 0 | E13: =SUM(E6:E12) -> 0 | F13: =SUM(F6:F12) -> 29 | G13: =IFERROR(C13/B13,0) -> 0
A16: 2. Test case theo mức ưu tiên
A17: Ưu tiên | B17: Số TC | C17: Pass
A18: Critical | B18: =COUNTIF('Test Cases'!$K$5:$K$300,A18) -> 8 | C18: =COUNTIFS('Test Cases'!$K$5:$K$300,A18,'Test Cases'!$J$5:$J$300,"Pass") -> 0
A19: High | B19: =COUNTIF('Test Cases'!$K$5:$K$300,A19) -> 16 | C19: =COUNTIFS('Test Cases'!$K$5:$K$300,A19,'Test Cases'!$J$5:$J$300,"Pass") -> 0
A20: Medium | B20: =COUNTIF('Test Cases'!$K$5:$K$300,A20) -> 5 | C20: =COUNTIFS('Test Cases'!$K$5:$K$300,A20,'Test Cases'!$J$5:$J$300,"Pass") -> 0
A21: Low | B21: =COUNTIF('Test Cases'!$K$5:$K$300,A21) -> 0 | C21: =COUNTIFS('Test Cases'!$K$5:$K$300,A21,'Test Cases'!$J$5:$J$300,"Pass") -> 0
A24: 3. Tiến độ UAT
A25: Vai trò | B25: Tổng | C25: Đạt | D25: Không đạt | E25: Chưa test
A26: Khách hàng | B26: =COUNTIF('UAT Checklist'!$B$5:$B$200,A26) -> 3 | C26: =COUNTIFS('UAT Checklist'!$B$5:$B$200,$A26,'UAT Checklist'!$E$5:$E$200,"Đạt") -> 0 | D26: =COUNTIFS('UAT Checklist'!$B$5:$B$200,$A26,'UAT Checklist'!$E$5:$E$200,"Không đạt") -> 0 | E26: =COUNTIFS('UAT Checklist'!$B$5:$B$200,$A26,'UAT Checklist'!$E$5:$E$200,"Chưa test") -> 3
A27: CSKH | B27: =COUNTIF('UAT Checklist'!$B$5:$B$200,A27) -> 2 | C27: =COUNTIFS('UAT Checklist'!$B$5:$B$200,$A27,'UAT Checklist'!$E$5:$E$200,"Đạt") -> 0 | D27: =COUNTIFS('UAT Checklist'!$B$5:$B$200,$A27,'UAT Checklist'!$E$5:$E$200,"Không đạt") -> 0 | E27: =COUNTIFS('UAT Checklist'!$B$5:$B$200,$A27,'UAT Checklist'!$E$5:$E$200,"Chưa test") -> 2
A28: Kho / Cửa hàng | B28: =COUNTIF('UAT Checklist'!$B$5:$B$200,A28) -> 2 | C28: =COUNTIFS('UAT Checklist'!$B$5:$B$200,$A28,'UAT Checklist'!$E$5:$E$200,"Đạt") -> 0 | D28: =COUNTIFS('UAT Checklist'!$B$5:$B$200,$A28,'UAT Checklist'!$E$5:$E$200,"Không đạt") -> 0 | E28: =COUNTIFS('UAT Checklist'!$B$5:$B$200,$A28,'UAT Checklist'!$E$5:$E$200,"Chưa test") -> 2
A29: Kế toán | B29: =COUNTIF('UAT Checklist'!$B$5:$B$200,A29) -> 1 | C29: =COUNTIFS('UAT Checklist'!$B$5:$B$200,$A29,'UAT Checklist'!$E$5:$E$200,"Đạt") -> 0 | D29: =COUNTIFS('UAT Checklist'!$B$5:$B$200,$A29,'UAT Checklist'!$E$5:$E$200,"Không đạt") -> 0 | E29: =COUNTIFS('UAT Checklist'!$B$5:$B$200,$A29,'UAT Checklist'!$E$5:$E$200,"Chưa test") -> 1
A32: 4. Lỗi theo mức độ (không tính dòng ví dụ)
A33: Mức độ | B33: Tổng | C33: Đang mở
A34: Critical | B34: =COUNTIFS('Defect Log'!$J$5:$J$300,A34,'Defect Log'!$A$5:$A$300,"<>DEF-EX") -> 0 | C34: =COUNTIFS('Defect Log'!$J$5:$J$300,A34,'Defect Log'!$A$5:$A$300,"<>DEF-EX",'Defect Log'!$K$5:$K$300,"<>Closed",'Defect Log'!$K$5:$K$300,"<>Rejected") -> 0
A35: High | B35: =COUNTIFS('Defect Log'!$J$5:$J$300,A35,'Defect Log'!$A$5:$A$300,"<>DEF-EX") -> 0 | C35: =COUNTIFS('Defect Log'!$J$5:$J$300,A35,'Defect Log'!$A$5:$A$300,"<>DEF-EX",'Defect Log'!$K$5:$K$300,"<>Closed",'Defect Log'!$K$5:$K$300,"<>Rejected") -> 0
A36: Medium | B36: =COUNTIFS('Defect Log'!$J$5:$J$300,A36,'Defect Log'!$A$5:$A$300,"<>DEF-EX") -> 0 | C36: =COUNTIFS('Defect Log'!$J$5:$J$300,A36,'Defect Log'!$A$5:$A$300,"<>DEF-EX",'Defect Log'!$K$5:$K$300,"<>Closed",'Defect Log'!$K$5:$K$300,"<>Rejected") -> 0
A37: Low | B37: =COUNTIFS('Defect Log'!$J$5:$J$300,A37,'Defect Log'!$A$5:$A$300,"<>DEF-EX") -> 0 | C37: =COUNTIFS('Defect Log'!$J$5:$J$300,A37,'Defect Log'!$A$5:$A$300,"<>DEF-EX",'Defect Log'!$K$5:$K$300,"<>Closed",'Defect Log'!$K$5:$K$300,"<>Rejected") -> 0
A39: 5. Tiêu chí kết thúc UAT
A40: Lỗi Critical/High còn mở | B40: =C34+C35 -> 0
A41: Kết luận | B41: =IF(AND(B40=0,E26+E27+E28+E29=0,D26+D27+D28+D29=0),"Đủ điều kiện go-live","Chưa đủ điều kiện") -> Chưa đủ điều kiện

Sheet Test Scenarios
A1: DANH SÁCH KỊCH BẢN KIỂM THỬ (TEST SCENARIOS)
A2: Dự án: Tính năng Trả hàng & Hoàn tiền - Công ty Điện Máy Cam | Mã: RR-TC-001 | Phiên bản 1.0 | Cập nhật: 21/08/2026 | Người soạn: Lê Văn Mạnh (BA)
A4: TS ID | B4: Module | C4: Kịch bản | D4: Loại | E4: User Story / FR | F4: Ưu tiên | G4: Số test case
A5: TS-01 | B5: App - Tạo yêu cầu | C5: Hiển thị đúng sản phẩm còn/hết hạn trả hàng | D5: Positive + Boundary | E5: US-01 | F5: High | G5: =COUNTIF('Test Cases'!$B$5:$B$300,A5) -> 3
A6: TS-02 | B6: App - Tạo yêu cầu | C6: Tạo yêu cầu thành công và chặn khi thiếu thông tin | D6: Positive + Negative | E6: US-01 | F6: High | G6: =COUNTIF('Test Cases'!$B$5:$B$300,A6) -> 3
A7: TS-03 | B7: App - Tạo yêu cầu | C7: Kiểm tra quy tắc minh chứng | D7: Negative / Boundary | E7: US-01 | F7: High | G7: =COUNTIF('Test Cases'!$B$5:$B$300,A7) -> 3
A8: TS-04 | B8: App - Tính tiền hoàn | C8: Tính đúng số tiền hoàn với voucher và phí | D8: Positive / Edge | E8: US-02 | F8: Critical | G8: =COUNTIF('Test Cases'!$B$5:$B$300,A8) -> 5
A9: TS-05 | B9: App - Theo dõi | C9: Theo dõi, hủy yêu cầu và nhận thông báo | D9: Positive | E9: US-03 | F9: High | G9: =COUNTIF('Test Cases'!$B$5:$B$300,A9) -> 3
A10: TS-06 | B10: Admin - CSKH | C10: CSKH duyệt / từ chối, cảnh báo quá hạn SLA | D10: Positive + Negative | E10: US-04 | F10: High | G10: =COUNTIF('Test Cases'!$B$5:$B$300,A10) -> 3
A11: TS-07 | B11: Admin - Kho | C11: Kho kiểm tra hàng, phát hiện IMEI không khớp | D11: Positive + Negative | E11: US-05 | F11: High | G11: =COUNTIF('Test Cases'!$B$5:$B$300,A11) -> 3
A12: TS-08 | B12: Hoàn tiền | C12: Hoàn tiền tự động, xử lý API lỗi, chống hoàn trùng | D12: Positive + Negative | E12: US-06 | F12: Critical | G12: =COUNTIF('Test Cases'!$B$5:$B$300,A12) -> 4
A13: TS-09 | B13: Phân quyền & bảo mật | C13: Phân quyền và bảo mật dữ liệu | D13: Negative (Security) | E13: NFR-03, NFR-04 | F13: High | G13: =COUNTIF('Test Cases'!$B$5:$B$300,A13) -> 2

Sheet Test Cases
A1: TEST CASES
A2: Dự án: Tính năng Trả hàng & Hoàn tiền - Công ty Điện Máy Cam | Mã: RR-TC-001 | Phiên bản 1.0 | Cập nhật: 21/08/2026 | Người soạn: Lê Văn Mạnh (BA)
A4: TC ID | B4: TS ID | C4: Module | D4: Tiêu đề | E4: Điều kiện tiên quyết | F4: Các bước thực hiện | G4: Dữ liệu test | H4: Kết quả mong đợi | I4: Kết quả thực tế | J4: Trạng thái | K4: Ưu tiên | L4: User Story | M4: Business Rule / NFR | N4: Người test | O4: Ngày test | P4: Defect ID | Q4: Ghi chú
A5: TC-01.1 | B5: TS-01 | C5: App - Tạo yêu cầu | D5: Hàng lỗi giao đúng 7 ngày trước được phép trả | E5: KH đã đăng nhập App; đơn online trạng thái "Giao thành công" | F5: 1. Mở chi tiết đơn hàng 2. Bấm "Yêu cầu trả hàng" 3. Quan sát sản phẩm | G5: Ngày giao = hôm nay − 7 ngày; lý do: Lỗi kỹ thuật | H5: Sản phẩm hiển thị bình thường, chọn được | J5: Not Run | K5: High | L5: US-01 | M5: RULE-01 | Q5: Boundary
A6: TC-01.2 | B6: TS-01 | C6: App - Tạo yêu cầu | D6: Hàng lỗi giao 8 ngày trước bị chặn | E6: KH đã đăng nhập App; đơn online trạng thái "Giao thành công" | F6: 1. Mở chi tiết đơn hàng 2. Bấm "Yêu cầu trả hàng" 3. Quan sát sản phẩm | G6: Ngày giao = hôm nay − 8 ngày | H6: Sản phẩm mờ, hiển thị MSG02 "Đã hết hạn trả hàng (7 ngày)" | J6: Not Run | K6: High | L6: US-01 | M6: RULE-01 | Q6: Boundary; chờ OQ-01
A7: TC-01.3 | B7: TS-01 | C7: App - Tạo yêu cầu | D7: Sản phẩm không áp dụng trả hàng | E7: KH đã đăng nhập App; đơn online trạng thái "Giao thành công" | F7: 1. Mở chi tiết đơn hàng 2. Bấm "Yêu cầu trả hàng" | G7: Đơn có SIM số | H7: SIM hiển thị mờ kèm MSG03 | J7: Not Run | K7: Medium | L7: US-01 | M7: RULE-02
A8: TC-02.1 | B8: TS-02 | C8: App - Tạo yêu cầu | D8: Tạo yêu cầu trả hàng thành công | E8: KH đã đăng nhập App; đơn online trạng thái "Giao thành công" | F8: 1. Mở chi tiết đơn hàng 2. Bấm "Yêu cầu trả hàng" 3. Chọn SP, lý do Lỗi kỹ thuật 4. Tải 2 ảnh 5. Chọn shipper lấy hàng, hoàn về ví 6. Xác nhận, bấm "Gửi yêu cầu" | G8: Tai nghe 1.500.000đ, giao 2 ngày trước | H8: Tạo mã RR-xxxxxx, trạng thái "Đã gửi", hiển thị M6, KH nhận MSG08 | J8: Not Run | K8: High | L8: US-01 | M8: RULE-03, RULE-04
A9: TC-02.2 | B9: TS-02 | C9: App - Tạo yêu cầu | D9: Chặn khi chưa chọn lý do | E9: KH đã đăng nhập App; đơn online trạng thái "Giao thành công" | F9: 1. Mở chi tiết đơn hàng 2. Bấm "Yêu cầu trả hàng" 3. Chọn sản phẩm, bỏ trống lý do 4. Bấm "Tiếp tục" | G9: — | H9: Hiển thị MSG01, không chuyển bước | J9: Not Run | K9: High | L9: US-01 | M9: RULE-04
A10: TC-02.3 | B10: TS-02 | C10: App - Tạo yêu cầu | D10: Tên chủ tài khoản khác tên người mua | E10: KH đã đăng nhập App; đơn online trạng thái "Giao thành công"; đơn thanh toán COD | F10: 1. Mở chi tiết đơn hàng 2. Bấm "Yêu cầu trả hàng" 3. Chọn hoàn về tài khoản ngân hàng 4. Nhập tài khoản đứng tên người khác | G10: Người mua: Nguyễn Văn A; chủ TK: Trần Thị B | H10: Hiển thị MSG07, không cho tiếp tục | J10: Not Run | K10: High | L10: US-01 | M10: RULE-10
A11: TC-03.1 | B11: TS-03 | C11: App - Tạo yêu cầu | D11: Lý do lỗi bắt buộc ít nhất 1 ảnh | E11: KH đã đăng nhập App; đơn online trạng thái "Giao thành công" | F11: 1. Mở chi tiết đơn hàng 2. Bấm "Yêu cầu trả hàng" 3. Chọn lý do "Lỗi kỹ thuật" 4. Không tải ảnh, bấm "Tiếp tục" | G11: 0 ảnh | H11: Hiển thị MSG04, không chuyển bước | J11: Not Run | K11: High | L11: US-01 | M11: RULE-05
A12: TC-03.2 | B12: TS-03 | C12: App - Tạo yêu cầu | D12: Ảnh 5,1MB bị từ chối | E12: KH đã đăng nhập App; đơn online trạng thái "Giao thành công" | F12: 1. Mở chi tiết đơn hàng 2. Bấm "Yêu cầu trả hàng" 3. Tải ảnh | G12: Ảnh JPG 5,1MB | H12: Hiển thị MSG05 | J12: Not Run | K12: Medium | L12: US-01 | M12: NFR-02 | Q12: Boundary
A13: TC-03.3 | B13: TS-03 | C13: App - Tạo yêu cầu | D13: Ảnh định dạng HEIC từ iPhone | E13: KH đã đăng nhập App; đơn online trạng thái "Giao thành công" | F13: 1. Mở chi tiết đơn hàng 2. Bấm "Yêu cầu trả hàng" 3. Tải ảnh HEIC | G13: Ảnh HEIC 2MB | H13: Chưa xác định | J13: Not Run | K13: Medium | L13: US-01 | M13: NFR-02 | Q13: Chờ OQ-03
A14: TC-04.1 | B14: TS-04 | C14: App - Tính tiền hoàn | D14: Trả ốp lưng, đổi ý, shipper lấy | E14: KH đã đăng nhập App; đơn online trạng thái "Giao thành công"; Đơn: điện thoại 8.000.000đ + ốp lưng 2.000.000đ; voucher đơn 1.000.000đ | F14: 1. Mở chi tiết đơn hàng 2. Bấm "Yêu cầu trả hàng" 3. Chọn sản phẩm, lý do, hình thức gửi hàng 4. Đến màn hình Xác nhận, đọc bảng tiền hoàn | G14: Ốp lưng; Đổi ý; Shipper | H14: Hoàn 1.770.000đ (2.000.000 − 200.000 − 30.000) | J14: Not Run | K14: Critical | L14: US-02 | M14: RULE-08, RULE-11
A15: TC-04.2 | B15: TS-04 | C15: App - Tính tiền hoàn | D15: Trả ốp lưng, đổi ý, mang ra cửa hàng | E15: KH đã đăng nhập App; đơn online trạng thái "Giao thành công"; Đơn: điện thoại 8.000.000đ + ốp lưng 2.000.000đ; voucher đơn 1.000.000đ | F15: 1. Mở chi tiết đơn hàng 2. Bấm "Yêu cầu trả hàng" 3. Chọn sản phẩm, lý do, hình thức gửi hàng 4. Đến màn hình Xác nhận, đọc bảng tiền hoàn | G15: Ốp lưng; Đổi ý; Cửa hàng | H15: Hoàn 1.800.000đ (miễn phí vận chuyển) | J15: Not Run | K15: Critical | L15: US-02 | M15: RULE-08, RULE-11
A16: TC-04.3 | B16: TS-04 | C16: App - Tính tiền hoàn | D16: Trả cả hai sản phẩm do lỗi | E16: KH đã đăng nhập App; đơn online trạng thái "Giao thành công"; Đơn: điện thoại 8.000.000đ + ốp lưng 2.000.000đ; voucher đơn 1.000.000đ | F16: 1. Mở chi tiết đơn hàng 2. Bấm "Yêu cầu trả hàng" 3. Chọn sản phẩm, lý do, hình thức gửi hàng 4. Đến màn hình Xác nhận, đọc bảng tiền hoàn | G16: Cả 2 SP; Lỗi kỹ thuật | H16: Hoàn 9.000.000đ | J16: Not Run | K16: Critical | L16: US-02 | M16: RULE-11
A17: TC-04.4 | B17: TS-04 | C17: App - Tính tiền hoàn | D17: Phân bổ voucher không chia hết | E17: KH đã đăng nhập App; đơn online trạng thái "Giao thành công"; đơn 3 SP × 1.000.000đ, voucher 100.000đ | F17: 1. Mở chi tiết đơn hàng 2. Bấm "Yêu cầu trả hàng" 3. Chọn sản phẩm, lý do, hình thức gửi hàng 4. Đến màn hình Xác nhận, đọc bảng tiền hoàn | G17: Trả 1 SP; Lỗi kỹ thuật | H17: Hoàn 966.667đ; tổng phân bổ 3 SP = đúng 100.000đ | J17: Not Run | K17: High | L17: US-02 | M17: RULE-11 | Q17: Chờ OQ-02
A18: TC-04.5 | B18: TS-04 | C18: App - Tính tiền hoàn | D18: Trả tiếp sản phẩm thứ hai sau lần trả trước | E18: KH đã đăng nhập App; đơn online trạng thái "Giao thành công"; Đơn: điện thoại 8.000.000đ + ốp lưng 2.000.000đ; voucher đơn 1.000.000đ; ốp lưng đã được hoàn tiền | F18: 1. Mở chi tiết đơn hàng 2. Bấm "Yêu cầu trả hàng" 3. Chọn sản phẩm, lý do, hình thức gửi hàng 4. Đến màn hình Xác nhận, đọc bảng tiền hoàn | G18: Điện thoại; Lỗi kỹ thuật | H18: Hoàn 7.200.000đ; không trừ lại phần voucher đã phân bổ cho ốp lưng | J18: Not Run | K18: Critical | L18: US-02 | M18: RULE-11 | Q18: Edge case
A19: TC-05.1 | B19: TS-05 | C19: App - Theo dõi | D19: Nhận thông báo khi yêu cầu được duyệt | E19: KH có yêu cầu "Đã gửi"; bật thông báo | F19: 1. CSKH duyệt yêu cầu trên Admin 2. Quan sát điện thoại KH | G19: — | H19: KH nhận MSG09 trong vòng 1 phút | J19: Not Run | K19: High | L19: US-03 | M19: RULE-13, NFR-07
A20: TC-05.2 | B20: TS-05 | C20: App - Theo dõi | D20: Hiển thị lý do khi bị từ chối | E20: Yêu cầu đã bị CSKH từ chối | F20: 1. Mở chi tiết yêu cầu | G20: Lý do: Ảnh không thể hiện lỗi | H20: Hiển thị đúng lý do CSKH đã nhập | J20: Not Run | K20: High | L20: US-03 | M20: RULE-13
A21: TC-05.3 | B21: TS-05 | C21: App - Theo dõi | D21: Khách hủy yêu cầu khi chưa gửi hàng | E21: Yêu cầu "Đã duyệt", chưa gửi hàng | F21: 1. Mở chi tiết yêu cầu 2. Bấm "Hủy yêu cầu", xác nhận MSG17 | G21: — | H21: Trạng thái "Đã hủy"; hủy lịch lấy hàng | J21: Not Run | K21: Medium | L21: US-03 | M21: RULE-07
A22: TC-06.1 | B22: TS-06 | C22: Admin - CSKH | D22: Duyệt yêu cầu thành công | E22: CSKH đăng nhập; yêu cầu "Đã gửi", KH chọn shipper | F22: 1. Mở chi tiết yêu cầu (A2) 2. Bấm "Duyệt", xác nhận | G22: RR-000123 | H22: Trạng thái "Đã duyệt"; tạo mã trả hàng; đặt lịch lấy hàng; KH nhận MSG09 | J22: Not Run | K22: High | L22: US-04 | M22: RULE-06, RULE-07
A23: TC-06.2 | B23: TS-06 | C23: Admin - CSKH | D23: Từ chối không nhập lý do | E23: CSKH đăng nhập; yêu cầu "Đã gửi" | F23: 1. Bấm "Từ chối" 2. Bỏ trống lý do, bấm xác nhận | G23: — | H23: Hiển thị MSG11, không cho xác nhận | J23: Not Run | K23: High | L23: US-04 | M23: RULE-13
A24: TC-06.3 | B24: TS-06 | C24: Admin - CSKH | D24: Cảnh báo khi quá hạn 24h | E24: Yêu cầu "Đã gửi" tạo lúc 09:00 hôm qua | F24: 1. Chờ đến 09:01 hôm nay 2. Kiểm tra thông báo của Trưởng CSKH | G24: — | H24: Trưởng CSKH nhận MSG18 | J24: Not Run | K24: Medium | L24: US-04 | M24: RULE-06 | Q24: Boundary
A25: TC-07.1 | B25: TS-07 | C25: Admin - Kho | D25: Quét mã trả hàng hợp lệ | E25: Nhân viên kho đăng nhập tablet; yêu cầu "Đã duyệt" | F25: 1. Mở màn hình tiếp nhận 2. Quét mã trên kiện | G25: RET-7XK29Q | H25: Hiển thị yêu cầu và checklist; trạng thái "Đã nhận hàng" | J25: Not Run | K25: High | L25: US-05 | M25: RULE-09
A26: TC-07.2 | B26: TS-07 | C26: Admin - Kho | D26: IMEI không khớp đơn hàng | E26: Đã quét mã hợp lệ | F26: 1. Nhập IMEI thực tế 2. Thử chọn "Đạt" | G26: IMEI khác IMEI trên đơn | H26: Hiển thị MSG13; nút "Đạt" bị khóa | J26: Not Run | K26: Critical | L26: US-05 | M26: RULE-09
A27: TC-07.3 | B27: TS-07 | C27: Admin - Kho | D27: Không đạt nhưng chưa có ảnh | E27: Đã quét mã hợp lệ | F27: 1. Chọn "Không đạt" 2. Không đính kèm ảnh, bấm xác nhận | G27: — | H27: Hiển thị MSG14, không cho xác nhận | J27: Not Run | K27: High | L27: US-05 | M27: RULE-09
A28: TC-08.1 | B28: TS-08 | C28: Hoàn tiền | D28: Hoàn tiền về ví Điện Máy Cam | E28: Yêu cầu đạt kiểm tra; nơi nhận: ví | F28: 1. Xác nhận kết quả "Đạt" 2. Kiểm tra số dư ví KH | G28: 1.770.000đ | H28: Ví cộng 1.770.000đ trong 24h; trạng thái "Đã hoàn tiền"; KH nhận MSG15 | J28: Not Run | K28: Critical | L28: US-06 | M28: RULE-10, RULE-12
A29: TC-08.2 | B29: TS-08 | C29: Hoàn tiền | D29: API lỗi cả 3 lần | E29: Sandbox cổng thanh toán cấu hình lỗi liên tục | F29: 1. Kích hoạt hoàn tiền | G29: — | H29: Trạng thái "Hoàn tiền lỗi"; tạo tác vụ cho Kế toán; MSG16 | J29: Not Run | K29: High | L29: US-06 | M29: RULE-12
A30: TC-08.3 | B30: TS-08 | C30: Hoàn tiền | D30: API timeout nhưng đối tác đã hoàn tiền | E30: Sandbox: timeout phía hệ thống, giao dịch thành công phía đối tác | F30: 1. Kích hoạt hoàn tiền 2. Quan sát lần thử lại | G30: — | H30: Hệ thống truy vấn trạng thái giao dịch trước khi thử lại; không hoàn lần 2 | J30: Not Run | K30: Critical | L30: US-06 | M30: RULE-12 | Q30: Chờ OQ-04; chống hoàn trùng
A31: TC-08.4 | B31: TS-08 | C31: Hoàn tiền | D31: Sự kiện "kiểm tra đạt" gửi 2 lần | E31: Kho bấm xác nhận "Đạt" 2 lần liên tiếp | F31: 1. Bấm "Đạt" 2 lần (double click) | G31: — | H31: Chỉ tạo 1 giao dịch hoàn tiền | J31: Not Run | K31: Critical | L31: US-06 | M31: RULE-12 | Q31: Chống hoàn trùng
A32: TC-09.1 | B32: TS-09 | C32: Phân quyền & bảo mật | D32: Kho không truy cập được màn hình duyệt | E32: Đăng nhập tài khoản vai trò Kho | F32: 1. Truy cập URL màn hình duyệt yêu cầu | G32: — | H32: Báo không có quyền (403) | J32: Not Run | K32: High | L32: — | M32: NFR-04 | Q32: Security
A33: TC-09.2 | B33: TS-09 | C33: Phân quyền & bảo mật | D33: Che số tài khoản ngân hàng | E33: Đăng nhập tài khoản Kế toán | F33: 1. Mở giao dịch hoàn tiền qua chuyển khoản | G33: STK 0123456789 | H33: Chỉ hiển thị 4 số cuối (******6789) | J33: Not Run | K33: High | L33: — | M33: NFR-03 | Q33: Security

Sheet UAT Checklist
A1: UAT CHECKLIST
A2: Dự án: Tính năng Trả hàng & Hoàn tiền - Công ty Điện Máy Cam | Mã: RR-TC-001 | Phiên bản 1.0 | Cập nhật: 21/08/2026 | Người soạn: Lê Văn Mạnh (BA)
A4: ID | B4: Vai trò | C4: Tình huống | D4: Kết quả mong đợi | E4: Kết quả | F4: Người test | G4: Ngày test | H4: Ghi chú
A5: U-01 | B5: Khách hàng | C5: Tạo yêu cầu trả tai nghe bị rè, gửi kèm 2 ảnh | D5: Nhận mã yêu cầu, thấy trạng thái "Đã gửi" | E5: Chưa test
A6: U-02 | B6: Khách hàng | C6: Trả ốp lưng trong đơn có voucher | D6: Thấy rõ số tiền hoàn và các khoản bị trừ, hiểu được cách tính | E6: Chưa test
A7: U-03 | B7: Khách hàng | C7: Theo dõi yêu cầu từ lúc gửi đến khi nhận tiền | D7: Nhận thông báo ở mỗi bước, không cần gọi hotline | E7: Chưa test
A8: U-04 | B8: CSKH | C8: Duyệt 10 yêu cầu liên tiếp | D8: Xem được đầy đủ ảnh, duyệt mỗi yêu cầu < 2 phút | E8: Chưa test
A9: U-05 | B9: CSKH | C9: Từ chối yêu cầu có ảnh mờ | D9: Hệ thống bắt nhập lý do; khách thấy đúng lý do | E9: Chưa test
A10: U-06 | B10: Kho / Cửa hàng | C10: Nhận kiện hàng, quét mã bằng tablet | D10: Thấy ngay thông tin yêu cầu và checklist | E10: Chưa test
A11: U-07 | B11: Kho / Cửa hàng | C11: Hàng có IMEI khác đơn | D11: Hệ thống cảnh báo, không cho chọn "Đạt" | E11: Chưa test
A12: U-08 | B12: Kế toán | C12: Xử lý giao dịch hoàn tiền lỗi và đối chiếu với sandbox cổng thanh toán | D12: Thấy danh sách giao dịch lỗi; số tiền và mã giao dịch khớp sau khi xử lý | E12: Chưa test

Sheet Defect Log
A1: DEFECT LOG
A2: Dự án: Tính năng Trả hàng & Hoàn tiền - Công ty Điện Máy Cam | Mã: RR-TC-001 | Phiên bản 1.0 | Cập nhật: 21/08/2026 | Người soạn: Lê Văn Mạnh (BA)
A4: Defect ID | B4: Ngày phát hiện | C4: Người phát hiện | D4: TC / UAT ID | E4: Module | F4: Tiêu đề lỗi | G4: Bước tái hiện | H4: Kết quả mong đợi | I4: Kết quả thực tế | J4: Mức độ | K4: Trạng thái | L4: Người xử lý | M4: Ngày đóng
A5: DEF-EX | B5: (Ví dụ) | C5: QA | D5: TC-05.1 | E5: App - Tính tiền hoàn | F5: Tiền hoàn không trừ phí vận chuyển khi đổi ý qua shipper | G5: 1. Tạo yêu cầu trả ốp lưng, lý do Đổi ý 2. Chọn shipper lấy hàng 3. Xem bảng tiền hoàn ở bước Xác nhận | H5: 1.770.000đ | I5: 1.800.000đ | J5: High | K5: Open | L5: Dev
A7: Dòng DEF-EX là ví dụ minh họa cách ghi lỗi, không tính vào Summary. Xóa dòng này khi bắt đầu ghi lỗi thật.
