Workbook

Sheet Hướng dẫn
B1: REQUIREMENTS LIST - HƯỚNG DẪN SỬ DỤNG
B2: Dự án: Tính năng Trả hàng & Hoàn tiền - Công ty Điện Máy Cam | Mã: RR-REQ-001 | Phiên bản 1.0 | Cập nhật: 21/08/2026 | Người quản lý: Lê Văn Mạnh (BA)
B5: 1. Các sheet
B6: Sheet | C6: Nội dung
B7: Dashboard | C7: Tổng hợp tự động: yêu cầu theo ưu tiên và tiến độ, story point theo sprint, câu hỏi mở, CR
B8: RequirementsList | C8: Danh sách yêu cầu (FR, NFR) và tiến độ từng bộ phận: SRS, Design, BE, FE, App, Test, Deploy
B9: User Stories | C9: User story theo mẫu Là / tôi muốn / để, kèm Acceptance Criteria, ưu tiên, story point, sprint
B10: RTM | C10: Ma trận truy vết: Pain point → BR → FR → Rule → User Story → Use Case → Màn hình → Test
B11: Open Questions | C11: Câu hỏi cần stakeholder trả lời
B12: CR management | C12: Nhật ký yêu cầu thay đổi (Change Request)
B13: CR01 | C13: Phiếu chi tiết của CR01
B15: 2. Mức ưu tiên (Priority)
B16: Giá trị | C16: Ý nghĩa
B17: 1 - Immediate | C17: Bắt buộc, thiếu thì không thể triển khai
B18: 2 - High | C18: Ưu tiên cao, vẫn có thể ra MVP nếu chưa có
B19: 3 - Moderate | C19: Mang lại giá trị, có thể ra MVP khi chưa có
B20: 4 - Low | C20: Ưu tiên thấp
B21: 5 - Prospective | C21: Ngoài phạm vi, dành cho phiên bản sau
B23: 3. Trạng thái tiến độ (SRS, Design, BE, FE, App, Test, Deploy)
B24: Giá trị | C24: Ý nghĩa
B25: New | C25: Chưa bắt đầu
B26: In progress | C26: Đang thực hiện
B27: Done | C27: Hoàn thành
B28: Blocked | C28: Bị chặn, chờ thông tin (ghi lý do ở cột Note)
B29: N/A | C29: Không áp dụng cho yêu cầu này
B31: 4. Quy ước
B32: Ô nền vàng nhạt là cột cập nhật thường xuyên, chọn giá trị từ danh sách thả xuống. Các ô có công thức (Dashboard, Độ phủ test, Số ngày mở) tự tính, không nhập tay.

Sheet Dashboard
A1: DASHBOARD THEO DÕI YÊU CẦU
A2: Dự án: Tính năng Trả hàng & Hoàn tiền - Công ty Điện Máy Cam | Mã: RR-REQ-001 | Phiên bản 1.0 | Cập nhật: 21/08/2026 | Người quản lý: Lê Văn Mạnh (BA)
A4: 1. Yêu cầu theo mức ưu tiên
A5: Priority | B5: FR | C5: NFR | D5: Tổng
A6: 1 - Immediate | B6: =COUNTIFS(RequirementsList!$I$5:$I$200,1,RequirementsList!$A$5:$A$200,"FR*") -> 13 | C6: =COUNTIFS(RequirementsList!$I$5:$I$200,1,RequirementsList!$A$5:$A$200,"NFR*") -> 7 | D6: =B6+C6 -> 20
A7: 2 - High | B7: =COUNTIFS(RequirementsList!$I$5:$I$200,2,RequirementsList!$A$5:$A$200,"FR*") -> 1 | C7: =COUNTIFS(RequirementsList!$I$5:$I$200,2,RequirementsList!$A$5:$A$200,"NFR*") -> 0 | D7: =B7+C7 -> 1
A8: 3 - Moderate | B8: =COUNTIFS(RequirementsList!$I$5:$I$200,3,RequirementsList!$A$5:$A$200,"FR*") -> 0 | C8: =COUNTIFS(RequirementsList!$I$5:$I$200,3,RequirementsList!$A$5:$A$200,"NFR*") -> 0 | D8: =B8+C8 -> 0
A9: 4 - Low | B9: =COUNTIFS(RequirementsList!$I$5:$I$200,4,RequirementsList!$A$5:$A$200,"FR*") -> 0 | C9: =COUNTIFS(RequirementsList!$I$5:$I$200,4,RequirementsList!$A$5:$A$200,"NFR*") -> 0 | D9: =B9+C9 -> 0
A10: 5 - Prospective | B10: =COUNTIFS(RequirementsList!$I$5:$I$200,5,RequirementsList!$A$5:$A$200,"FR*") -> 0 | C10: =COUNTIFS(RequirementsList!$I$5:$I$200,5,RequirementsList!$A$5:$A$200,"NFR*") -> 0 | D10: =B10+C10 -> 0
A11: Tổng | B11: =SUM(B6:B10) -> 14 | C11: =SUM(C6:C10) -> 7 | D11: =SUM(D6:D10) -> 21
A13: 2. Tiến độ theo bộ phận
A14: Hạng mục | B14: Done | C14: In progress | D14: New | E14: Blocked | F14: N/A
A15: SRS (BA) | B15: =COUNTIF(RequirementsList!$L$5:$L$200,"Done") -> 16 | C15: =COUNTIF(RequirementsList!$L$5:$L$200,"In progress") -> 5 | D15: =COUNTIF(RequirementsList!$L$5:$L$200,"New") -> 0 | E15: =COUNTIF(RequirementsList!$L$5:$L$200,"Blocked") -> 0 | F15: =COUNTIF(RequirementsList!$L$5:$L$200,"N/A") -> 0
A16: Design UI/UX | B16: =COUNTIF(RequirementsList!$M$5:$M$200,"Done") -> 0 | C16: =COUNTIF(RequirementsList!$M$5:$M$200,"In progress") -> 0 | D16: =COUNTIF(RequirementsList!$M$5:$M$200,"New") -> 9 | E16: =COUNTIF(RequirementsList!$M$5:$M$200,"Blocked") -> 0 | F16: =COUNTIF(RequirementsList!$M$5:$M$200,"N/A") -> 12
A17: BE | B17: =COUNTIF(RequirementsList!$N$5:$N$200,"Done") -> 0 | C17: =COUNTIF(RequirementsList!$N$5:$N$200,"In progress") -> 0 | D17: =COUNTIF(RequirementsList!$N$5:$N$200,"New") -> 21 | E17: =COUNTIF(RequirementsList!$N$5:$N$200,"Blocked") -> 0 | F17: =COUNTIF(RequirementsList!$N$5:$N$200,"N/A") -> 0
A18: FE | B18: =COUNTIF(RequirementsList!$O$5:$O$200,"Done") -> 0 | C18: =COUNTIF(RequirementsList!$O$5:$O$200,"In progress") -> 0 | D18: =COUNTIF(RequirementsList!$O$5:$O$200,"New") -> 4 | E18: =COUNTIF(RequirementsList!$O$5:$O$200,"Blocked") -> 0 | F18: =COUNTIF(RequirementsList!$O$5:$O$200,"N/A") -> 17
A19: App | B19: =COUNTIF(RequirementsList!$P$5:$P$200,"Done") -> 0 | C19: =COUNTIF(RequirementsList!$P$5:$P$200,"In progress") -> 0 | D19: =COUNTIF(RequirementsList!$P$5:$P$200,"New") -> 5 | E19: =COUNTIF(RequirementsList!$P$5:$P$200,"Blocked") -> 0 | F19: =COUNTIF(RequirementsList!$P$5:$P$200,"N/A") -> 16
A20: Test | B20: =COUNTIF(RequirementsList!$Q$5:$Q$200,"Done") -> 0 | C20: =COUNTIF(RequirementsList!$Q$5:$Q$200,"In progress") -> 0 | D20: =COUNTIF(RequirementsList!$Q$5:$Q$200,"New") -> 21 | E20: =COUNTIF(RequirementsList!$Q$5:$Q$200,"Blocked") -> 0 | F20: =COUNTIF(RequirementsList!$Q$5:$Q$200,"N/A") -> 0
A21: Deploy | B21: =COUNTIF(RequirementsList!$R$5:$R$200,"Done") -> 0 | C21: =COUNTIF(RequirementsList!$R$5:$R$200,"In progress") -> 0 | D21: =COUNTIF(RequirementsList!$R$5:$R$200,"New") -> 21 | E21: =COUNTIF(RequirementsList!$R$5:$R$200,"Blocked") -> 0 | F21: =COUNTIF(RequirementsList!$R$5:$R$200,"N/A") -> 0
A23: 3. Story point theo sprint
A24: Năng lực mỗi sprint (SP) | B24: 20
A25: Sprint | B25: Số story | C25: Story point | D25: % năng lực
A26: Sprint 1 | B26: =COUNTIF('User Stories'!$L$5:$L$200,A26) -> 2 | C26: =SUMIF('User Stories'!$L$5:$L$200,A26,'User Stories'!$K$5:$K$200) -> 13 | D26: =IFERROR(C26/$B$24,0) -> 0.65
A27: Sprint 2 | B27: =COUNTIF('User Stories'!$L$5:$L$200,A27) -> 3 | C27: =SUMIF('User Stories'!$L$5:$L$200,A27,'User Stories'!$K$5:$K$200) -> 13 | D27: =IFERROR(C27/$B$24,0) -> 0.65
A28: Sprint 3 | B28: =COUNTIF('User Stories'!$L$5:$L$200,A28) -> 1 | C28: =SUMIF('User Stories'!$L$5:$L$200,A28,'User Stories'!$K$5:$K$200) -> 8 | D28: =IFERROR(C28/$B$24,0) -> 0.4
A29: Tổng | B29: =SUM(B26:B28) -> 6 | C29: =SUM(C26:C28) -> 34
A31: 4. Câu hỏi mở, CR và truy vết
A32: Câu hỏi mở đang mở | B32: =COUNTIF('Open Questions'!$I$5:$I$200,"Mở") -> 4
A33: Câu hỏi mở quá hạn | B33: =COUNTIF('Open Questions'!$M$5:$M$200,"Quá hạn") -> 0
A34: Số Change Request | B34: =COUNTA('CR management'!$B$5:$B$200) -> 1
A35: FR chưa có test | B35: =COUNTIF(RTM!$J$5:$J$18,"Thiếu") -> 0
A36: FR chưa có user story | B36: =COUNTIF(RTM!$F$5:$F$18,"—") -> 0

Sheet RequirementsList
A1: REQUIREMENTS LIST
A2: Dự án: Tính năng Trả hàng & Hoàn tiền - Công ty Điện Máy Cam | Mã: RR-REQ-001 | Phiên bản 1.0 | Cập nhật: 21/08/2026 | Người quản lý: Lê Văn Mạnh (BA)
A4: ID | B4: Platform | C4: Requirements/ Functions | D4: Steps/ Process | E4: Description | F4: Requested By | G4: Channel | H4: Requested Date | I4: Priority | J4: Type | K4: Note | L4: SRS (BA) | M4: Design UI/UX | N4: BE | O4: FE | P4: App | Q4: Test | R4: Deploy | S4: Deploy date | T4: Code Version
A5: FR-01 | B5: App | C5: Tạo yêu cầu trả hàng | D5: Hiển thị sản phẩm đủ điều kiện | E5: Hiển thị các sản phẩm còn trong thời hạn trả hàng | F5: Phòng CSKH | G5: Interview - MOM-02 | H5: 46240 | I5: 1 | J5: New | K5: Chờ trả lời OQ-01 | L5: In progress | M5: New | N5: New | O5: N/A | P5: New | Q5: New | R5: New
A6: FR-02 | B6: App | C6: Tạo yêu cầu trả hàng | D6: Chọn sản phẩm, số lượng, lý do | E6: Tạo yêu cầu trả hàng: chọn sản phẩm, số lượng, lý do | F6: Phòng CSKH | G6: Interview - MOM-02 | H6: 46240 | I6: 1 | J6: New | L6: Done | M6: New | N6: New | O6: N/A | P6: New | Q6: New | R6: New
A7: FR-03 | B7: App | C7: Tạo yêu cầu trả hàng | D7: Tải minh chứng | E7: Tải ảnh/video minh chứng | F7: Phòng CSKH | G7: Interview - MOM-02 | H7: 46240 | I7: 1 | J7: New | K7: Chờ trả lời OQ-03 | L7: In progress | M7: New | N7: New | O7: N/A | P7: New | Q7: New | R7: New
A8: FR-04 | B8: App | C8: Tạo yêu cầu trả hàng | D8: Chọn hình thức gửi hàng, nơi nhận tiền | E8: Chọn hình thức gửi hàng và nơi nhận tiền hoàn | F8: Phòng Kế toán | G8: Interview - MOM-04 | H8: 46241 | I8: 1 | J8: New | L8: Done | M8: New | N8: New | O8: N/A | P8: New | Q8: New | R8: New
A9: FR-05 | B9: Backend | C9: Tạo yêu cầu trả hàng | D9: Kiểm tra điều kiện tự động | E9: Kiểm tra điều kiện tự động khi tạo yêu cầu | F9: Pháp chế | G9: Workshop - MOM-07 | H9: 46245 | I9: 1 | J9: New | L9: Done | M9: N/A | N9: New | O9: N/A | P9: N/A | Q9: New | R9: New
A10: FR-06 | B10: App | C10: Theo dõi yêu cầu | D10: Xem trạng thái, lịch sử, hủy yêu cầu | E10: Xem trạng thái, lịch sử yêu cầu; hủy khi chưa gửi hàng | F10: Khách hàng | G10: Interview - MOM-05 | H10: 46241 | I10: 1 | J10: New | L10: Done | M10: New | N10: New | O10: N/A | P10: New | Q10: New | R10: New
A11: FR-07 | B11: Backend | C11: Thông báo | D11: Gửi thông báo khi đổi trạng thái | E11: Gửi thông báo khi trạng thái thay đổi | F11: Khách hàng | G11: Interview - MOM-05 | H11: 46241 | I11: 1 | J11: New | L11: Done | M11: N/A | N11: New | O11: N/A | P11: N/A | Q11: New | R11: New
A12: FR-08 | B12: Web Admin | C12: Duyệt yêu cầu | D12: Danh sách chờ duyệt | E12: Danh sách yêu cầu chờ duyệt, sắp xếp theo SLA | F12: Phòng CSKH | G12: Interview - MOM-02 | H12: 46240 | I12: 1 | J12: New | L12: Done | M12: New | N12: New | O12: New | P12: N/A | Q12: New | R12: New
A13: FR-09 | B13: Web Admin | C13: Duyệt yêu cầu | D13: Duyệt / từ chối | E13: Duyệt/từ chối yêu cầu, bắt buộc nhập lý do khi từ chối | F13: Pháp chế | G13: Interview - MOM-06 | H13: 46242 | I13: 1 | J13: New | L13: Done | M13: New | N13: New | O13: New | P13: N/A | Q13: New | R13: New
A14: FR-10 | B14: Backend | C14: Duyệt yêu cầu | D14: Tạo mã trả hàng, đặt lịch lấy hàng | E14: Tự động tạo mã trả hàng và đặt lịch lấy hàng | F14: Phòng Kho | G14: Interview - MOM-03 | H14: 46240 | I14: 1 | J14: New | L14: Done | M14: N/A | N14: New | O14: N/A | P14: N/A | Q14: New | R14: New
A15: FR-11 | B15: Web Admin | C15: Kiểm tra hàng trả | D15: Quét mã, kiểm tra theo checklist | E15: Quét mã tiếp nhận, kiểm tra hàng theo checklist kèm ảnh | F15: Phòng Kho | G15: Interview - MOM-03 | H15: 46240 | I15: 1 | J15: New | L15: Done | M15: New | N15: New | O15: New | P15: N/A | Q15: New | R15: New
A16: FR-12 | B16: Backend | C16: Hoàn tiền | D16: Tính tiền hoàn | E16: Tính số tiền hoàn tự động | F16: Phòng Kế toán | G16: Workshop - MOM-07 | H16: 46245 | I16: 1 | J16: New | K16: Chờ trả lời OQ-02 | L16: In progress | M16: N/A | N16: New | O16: N/A | P16: N/A | Q16: New | R16: New
A17: FR-13 | B17: Backend | C17: Hoàn tiền | D17: Hoàn tiền qua API | E17: Hoàn tiền qua API cổng thanh toán/ví; tự thử lại khi lỗi | F17: Phòng Kế toán | G17: Interview - MOM-04 | H17: 46241 | I17: 1 | J17: New | K17: Chờ trả lời OQ-04 | L17: In progress | M17: N/A | N17: New | O17: N/A | P17: N/A | Q17: New | R17: New
A18: FR-14 | B18: Web Admin | C18: Hoàn tiền | D18: Xử lý hoàn tiền lỗi | E18: Xử lý thủ công các giao dịch hoàn tiền lỗi | F18: Phòng Kế toán | G18: Interview - MOM-04 | H18: 46241 | I18: 2 | J18: New | L18: Done | M18: New | N18: New | O18: New | P18: N/A | Q18: New | R18: New
A19: NFR-01 | B19: Toàn hệ thống | C19: Phi chức năng | D19: Hiệu năng | E19: Màn hình phản hồi ≤ 2 giây; khách tạo xong yêu cầu trong ≤ 3 phút, tối đa 4 bước | F19: IT Lead | G19: Workshop - MOM-07 | H19: 46245 | I19: 1 | J19: New | L19: Done | M19: N/A | N19: New | O19: N/A | P19: N/A | Q19: New | R19: New
A20: NFR-02 | B20: Toàn hệ thống | C20: Phi chức năng | D20: Tải tệp | E20: Ảnh ≤ 5MB/ảnh (JPG, PNG); video ≤ 30 giây, ≤ 20MB (MP4) | F20: Product Owner | G20: Workshop - MOM-07 | H20: 46245 | I20: 1 | J20: New | K20: Chờ trả lời OQ-03 | L20: In progress | M20: N/A | N20: New | O20: N/A | P20: N/A | Q20: New | R20: New
A21: NFR-03 | B21: Toàn hệ thống | C21: Phi chức năng | D21: Bảo mật | E21: Số tài khoản ngân hàng được mã hóa khi lưu, chỉ hiển thị 4 số cuối | F21: Pháp chế | G21: Interview - MOM-06 | H21: 46242 | I21: 1 | J21: New | L21: Done | M21: N/A | N21: New | O21: N/A | P21: N/A | Q21: New | R21: New
A22: NFR-04 | B22: Toàn hệ thống | C22: Phi chức năng | D22: Phân quyền | E22: Phân quyền theo vai trò; mọi thao tác duyệt, kiểm tra, hoàn tiền được ghi log | F22: Product Owner | G22: Workshop - MOM-07 | H22: 46245 | I22: 1 | J22: New | L22: Done | M22: N/A | N22: New | O22: N/A | P22: N/A | Q22: New | R22: New
A23: NFR-05 | B23: Toàn hệ thống | C23: Phi chức năng | D23: Tuân thủ | E23: Tuân thủ quy định bảo vệ dữ liệu cá nhân; ảnh/video minh chứng lưu tối đa 12 tháng | F23: Pháp chế | G23: Workshop - MOM-07 | H23: 46245 | I23: 1 | J23: New | L23: Done | M23: N/A | N23: New | O23: N/A | P23: N/A | Q23: New | R23: New
A24: NFR-06 | B24: Toàn hệ thống | C24: Phi chức năng | D24: Khả dụng | E24: Uptime ≥ 99,5%; dữ liệu được sao lưu hằng ngày | F24: IT Lead | G24: Workshop - MOM-07 | H24: 46245 | I24: 1 | J24: New | L24: Done | M24: N/A | N24: New | O24: N/A | P24: N/A | Q24: New | R24: New
A25: NFR-07 | B25: Toàn hệ thống | C25: Phi chức năng | D25: Thông báo | E25: Thông báo gửi đến khách trong vòng 1 phút sau khi trạng thái thay đổi | F25: Product Owner | G25: Workshop - MOM-07 | H25: 46245 | I25: 1 | J25: New | L25: Done | M25: N/A | N25: New | O25: N/A | P25: N/A | Q25: New | R25: New

Sheet User Stories
A1: USER STORIES
A2: Dự án: Tính năng Trả hàng & Hoàn tiền - Công ty Điện Máy Cam | Mã: RR-REQ-001 | Phiên bản 1.0 | Cập nhật: 21/08/2026 | Người quản lý: Lê Văn Mạnh (BA)
A4: ID | B4: As a (role/ profile) | C4: I want (action/ activity) | D4: So that (benefit/ reason) | E4: User story | F4: Acceptance Criteria | G4: Note | H4: Epic | I4: FR | J4: Ưu tiên (MoSCoW) | K4: Story Point | L4: Sprint | M4: Trạng thái
A5: US-01 | B5: khách hàng | C5: tạo yêu cầu trả hàng ngay trên app | D5: không phải gọi hotline | E5: Là khách hàng, tôi muốn tạo yêu cầu trả hàng ngay trên app, để không phải gọi hotline. | F5: AC1: Given đơn giao thành công 2 ngày trước, When tôi mở màn hình trả hàng, Then sản phẩm còn hạn chọn được; sản phẩm hết hạn hoặc không áp dụng hiển thị mờ kèm lý do. AC2: Given tôi đã chọn sản phẩm, lý do, minh chứng và hình thức gửi hàng, When tôi bấm "Gửi yêu cầu", Then hệ thống tạo mã RR-xxxxxx, trạng thái "Đã gửi". AC3: Given tôi chưa chọn lý do, When tôi bấm "Tiếp tục", Then hệ thống hiển thị MSG01 và không chuyển bước. | H5: EP-01 | I5: FR-01, FR-02, FR-03, FR-04, FR-05 | J5: Must | K5: 8 | L5: Sprint 1 | M5: Ready
A6: US-02 | B6: khách hàng | C6: biết trước số tiền được hoàn và các khoản bị trừ | D6: quyết định có trả hàng hay không | E6: Là khách hàng, tôi muốn biết trước số tiền được hoàn và các khoản bị trừ, để quyết định có trả hàng hay không. | F6: AC1: Given tôi trả ốp lưng 2.000.000đ trong đơn 10.000.000đ có voucher 1.000.000đ, lý do "Đổi ý", gửi qua shipper, When đến bước xác nhận, Then hệ thống hiển thị tiền hoàn 1.770.000đ. AC2: Given lý do "Lỗi kỹ thuật", When đến bước xác nhận, Then phí vận chuyển hiển thị 0đ. | H6: EP-01 | I6: FR-12 | J6: Must | K6: 3 | L6: Sprint 2 | M6: Ready
A7: US-03 | B7: khách hàng | C7: theo dõi yêu cầu và nhận thông báo khi trạng thái thay đổi | D7: không phải gọi hỏi tiến độ | E7: Là khách hàng, tôi muốn theo dõi yêu cầu và nhận thông báo khi trạng thái thay đổi, để không phải gọi hỏi tiến độ. | F7: AC1: Given tôi có yêu cầu đang xử lý, When tôi mở "Yêu cầu trả hàng của tôi", Then tôi thấy trạng thái hiện tại và dòng thời gian các bước. AC2: Given CSKH vừa duyệt yêu cầu, When trạng thái đổi sang "Đã duyệt", Then tôi nhận thông báo trong vòng 1 phút. AC3: Given yêu cầu chưa gửi hàng, When tôi bấm "Hủy yêu cầu" và xác nhận, Then trạng thái chuyển "Đã hủy". | H7: EP-01 | I7: FR-06, FR-07 | J7: Must | K7: 5 | L7: Sprint 2 | M7: Ready
A8: US-04 | B8: nhân viên CSKH | C8: xem minh chứng và duyệt yêu cầu trên một màn hình | D8: xử lý nhanh mà không cần qua Zalo, email | E8: Là nhân viên CSKH, tôi muốn xem minh chứng và duyệt yêu cầu trên một màn hình, để xử lý nhanh mà không cần qua Zalo, email. | F8: AC1: Given có yêu cầu mới, When tôi mở danh sách chờ duyệt, Then yêu cầu được sắp xếp theo SLA còn lại. AC2: Given tôi bấm "Duyệt", When xác nhận, Then trạng thái chuyển "Đã duyệt", mã trả hàng được tạo và khách nhận thông báo MSG09. AC3: Given tôi bấm "Từ chối", When chưa nhập lý do, Then hệ thống hiển thị MSG11 và không cho xác nhận. | H8: EP-02 | I8: FR-08, FR-09, FR-10 | J8: Must | K8: 5 | L8: Sprint 1 | M8: Ready
A9: US-05 | B9: nhân viên kho | C9: quét mã và kiểm tra hàng trả theo checklist trên hệ thống | D9: kết quả nhất quán, không cần ghi Excel | E9: Là nhân viên kho, tôi muốn quét mã và kiểm tra hàng trả theo checklist trên hệ thống, để kết quả nhất quán, không cần ghi Excel. | F9: AC1: Given kiện hàng có mã trả hàng hợp lệ, When tôi quét mã, Then hệ thống hiển thị yêu cầu và checklist, trạng thái chuyển "Đã nhận hàng". AC2: Given IMEI thực tế khác IMEI trên đơn, When tôi nhập IMEI, Then hệ thống hiển thị MSG13 và khóa nút "Đạt". | H9: EP-02 | I9: FR-11 | J9: Must | K9: 5 | L9: Sprint 2 | M9: Ready
A10: US-06 | B10: khách hàng | C10: được hoàn tiền tự động sau khi hàng đạt kiểm tra | D10: nhận tiền nhanh và chính xác | E10: Là khách hàng, tôi muốn được hoàn tiền tự động sau khi hàng đạt kiểm tra, để nhận tiền nhanh và chính xác. | F10: AC1: Given yêu cầu đạt kiểm tra, hoàn về ví Điện Máy Cam, When kết quả được xác nhận, Then tiền được cộng vào ví trong 24 giờ và tôi nhận MSG15. AC2: Given API hoàn tiền lỗi, When hệ thống đã thử lại 3 lần không thành công, Then trạng thái chuyển "Hoàn tiền lỗi" và Kế toán nhận tác vụ xử lý thủ công. | H10: EP-03 | I10: FR-12, FR-13, FR-14 | J10: Must | K10: 8 | L10: Sprint 3 | M10: Backlog
A11: PBI-07 | B11: khách hàng | C11: đổi sản phẩm lỗi sang sản phẩm khác | D11: không phải trả hàng rồi đặt mua lại | E11: Là khách hàng, tôi muốn đổi sản phẩm lỗi sang sản phẩm khác, để không phải trả hàng rồi đặt mua lại. | G11: Ngoài phạm vi v1 - phát sinh từ CR01, dời sang phiên bản 2 | H11: — | I11: — | J11: Won't | L11: Phiên bản 2 | M11: Backlog

Sheet RTM
A1: MA TRẬN TRUY VẾT YÊU CẦU (RTM)
A2: Dự án: Tính năng Trả hàng & Hoàn tiền - Công ty Điện Máy Cam | Mã: RR-REQ-001 | Phiên bản 1.0 | Cập nhật: 21/08/2026 | Người quản lý: Lê Văn Mạnh (BA)
A4: FR | B4: Mô tả | C4: BR | D4: Pain Point | E4: Business Rule | F4: User Story | G4: Use Case | H4: Màn hình | I4: Test Scenario | J4: Độ phủ test | K4: SRS (BA)
A5: FR-01 | B5: Hiển thị các sản phẩm còn trong thời hạn trả hàng | C5: BR-01 | E5: RULE-01, RULE-02 | F5: US-01 | G5: UC-01 | H5: M1, M2 | I5: TS-01 | J5: =IF(OR(I5="",I5="—"),"Thiếu","Đủ") -> Đủ | K5: =INDEX(RequirementsList!$L$5:$L$200,MATCH(A5,RequirementsList!$A$5:$A$200,0)) -> In progress
A6: FR-02 | B6: Tạo yêu cầu trả hàng: chọn sản phẩm, số lượng, lý do | C6: BR-01 | D6: PP-01 | E6: RULE-03, RULE-04 | F6: US-01 | G6: UC-01 | H6: M2 | I6: TS-02 | J6: =IF(OR(I6="",I6="—"),"Thiếu","Đủ") -> Đủ | K6: =INDEX(RequirementsList!$L$5:$L$200,MATCH(A6,RequirementsList!$A$5:$A$200,0)) -> Done
A7: FR-03 | B7: Tải ảnh/video minh chứng | C7: BR-01 | D7: PP-01 | E7: RULE-05 | F7: US-01 | G7: UC-01 | H7: M3 | I7: TS-03 | J7: =IF(OR(I7="",I7="—"),"Thiếu","Đủ") -> Đủ | K7: =INDEX(RequirementsList!$L$5:$L$200,MATCH(A7,RequirementsList!$A$5:$A$200,0)) -> In progress
A8: FR-04 | B8: Chọn hình thức gửi hàng và nơi nhận tiền hoàn | C8: BR-01 | E8: RULE-07, RULE-10 | F8: US-01 | G8: UC-01 | H8: M4 | I8: TS-02 | J8: =IF(OR(I8="",I8="—"),"Thiếu","Đủ") -> Đủ | K8: =INDEX(RequirementsList!$L$5:$L$200,MATCH(A8,RequirementsList!$A$5:$A$200,0)) -> Done
A9: FR-05 | B9: Kiểm tra điều kiện tự động khi tạo yêu cầu | C9: BR-02 | D9: PP-07 | E9: RULE-01, RULE-02 | F9: US-01 | G9: UC-06 | H9: — | I9: TS-01 | J9: =IF(OR(I9="",I9="—"),"Thiếu","Đủ") -> Đủ | K9: =INDEX(RequirementsList!$L$5:$L$200,MATCH(A9,RequirementsList!$A$5:$A$200,0)) -> Done
A10: FR-06 | B10: Xem trạng thái, lịch sử yêu cầu; hủy khi chưa gửi hàng | C10: BR-01 | D10: PP-04 | E10: RULE-07 | F10: US-03 | G10: UC-02 | H10: M7 | I10: TS-05 | J10: =IF(OR(I10="",I10="—"),"Thiếu","Đủ") -> Đủ | K10: =INDEX(RequirementsList!$L$5:$L$200,MATCH(A10,RequirementsList!$A$5:$A$200,0)) -> Done
A11: FR-07 | B11: Gửi thông báo khi trạng thái thay đổi | C11: BR-01 | D11: PP-04 | E11: RULE-13 | F11: US-03 | G11: UC-02 | H11: M7 | I11: TS-05 | J11: =IF(OR(I11="",I11="—"),"Thiếu","Đủ") -> Đủ | K11: =INDEX(RequirementsList!$L$5:$L$200,MATCH(A11,RequirementsList!$A$5:$A$200,0)) -> Done
A12: FR-08 | B12: Danh sách yêu cầu chờ duyệt, sắp xếp theo SLA | C12: BR-02 | D12: PP-02 | E12: RULE-06 | F12: US-04 | G12: UC-03 | H12: A1 | I12: TS-06 | J12: =IF(OR(I12="",I12="—"),"Thiếu","Đủ") -> Đủ | K12: =INDEX(RequirementsList!$L$5:$L$200,MATCH(A12,RequirementsList!$A$5:$A$200,0)) -> Done
A13: FR-09 | B13: Duyệt/từ chối yêu cầu, bắt buộc nhập lý do khi từ chối | C13: BR-02 | E13: RULE-13 | F13: US-04 | G13: UC-03 | H13: A2 | I13: TS-06 | J13: =IF(OR(I13="",I13="—"),"Thiếu","Đủ") -> Đủ | K13: =INDEX(RequirementsList!$L$5:$L$200,MATCH(A13,RequirementsList!$A$5:$A$200,0)) -> Done
A14: FR-10 | B14: Tự động tạo mã trả hàng và đặt lịch lấy hàng | C14: BR-02 | E14: RULE-07 | F14: US-04 | G14: UC-07 | H14: M7 | I14: TS-06 | J14: =IF(OR(I14="",I14="—"),"Thiếu","Đủ") -> Đủ | K14: =INDEX(RequirementsList!$L$5:$L$200,MATCH(A14,RequirementsList!$A$5:$A$200,0)) -> Done
A15: FR-11 | B15: Quét mã tiếp nhận, kiểm tra hàng theo checklist kèm ảnh | C15: BR-02 | D15: PP-03, PP-07 | E15: RULE-09 | F15: US-05 | G15: UC-04 | H15: A3 | I15: TS-07 | J15: =IF(OR(I15="",I15="—"),"Thiếu","Đủ") -> Đủ | K15: =INDEX(RequirementsList!$L$5:$L$200,MATCH(A15,RequirementsList!$A$5:$A$200,0)) -> Done
A16: FR-12 | B16: Tính số tiền hoàn tự động | C16: BR-03 | D16: PP-06 | E16: RULE-08, RULE-11 | F16: US-02, US-06 | G16: UC-05 | H16: M5 | I16: TS-04 | J16: =IF(OR(I16="",I16="—"),"Thiếu","Đủ") -> Đủ | K16: =INDEX(RequirementsList!$L$5:$L$200,MATCH(A16,RequirementsList!$A$5:$A$200,0)) -> In progress
A17: FR-13 | B17: Hoàn tiền qua API cổng thanh toán/ví; tự thử lại khi lỗi | C17: BR-03 | D17: PP-05 | E17: RULE-12 | F17: US-06 | G17: UC-05 | H17: — | I17: TS-08 | J17: =IF(OR(I17="",I17="—"),"Thiếu","Đủ") -> Đủ | K17: =INDEX(RequirementsList!$L$5:$L$200,MATCH(A17,RequirementsList!$A$5:$A$200,0)) -> In progress
A18: FR-14 | B18: Xử lý thủ công các giao dịch hoàn tiền lỗi | C18: BR-03 | E18: RULE-12 | F18: US-06 | G18: UC-05 | H18: A4 | I18: TS-08 | J18: =IF(OR(I18="",I18="—"),"Thiếu","Đủ") -> Đủ | K18: =INDEX(RequirementsList!$L$5:$L$200,MATCH(A18,RequirementsList!$A$5:$A$200,0)) -> Done
A20: Ghi chú: "Thiếu" ở cột Độ phủ test = yêu cầu chưa có kịch bản kiểm thử; ô User Story vàng = yêu cầu chưa có user story riêng.

Sheet Open Questions
A1: DANH SÁCH CÂU HỎI MỞ (OPEN QUESTIONS)
A2: Dự án: Tính năng Trả hàng & Hoàn tiền - Công ty Điện Máy Cam | Mã: RR-REQ-001 | Phiên bản 1.0 | Cập nhật: 21/08/2026 | Người quản lý: Lê Văn Mạnh (BA)
A3: Ngày cập nhật: | C3: 46255 | D3: ← nhập ngày cập nhật báo cáo; cột Số ngày mở và Cảnh báo tính theo ngày này
A4: ID | B4: Câu hỏi | C4: Phát sinh từ | D4: Ảnh hưởng | E4: Đề xuất của BA | F4: Người quyết định | G4: Ngày mở | H4: Hạn trả lời | I4: Trạng thái | J4: Câu trả lời / Quyết định | K4: Ngày đóng | L4: Số ngày mở | M4: Cảnh báo
A5: OQ-01 | B5: Thời hạn 7 ngày tính theo ngày lịch hay 168 giờ? | C5: TC-01.1 | D5: FR-01, RULE-01 | E5: Ngày lịch, hết 23:59 ngày cuối | F5: Pháp chế | G5: 46252 | H5: 46258 | I5: Mở | L5: =IF(G5="","",IF(K5<>"",K5-G5,$C$3-G5)) -> 3 | M5: =IF(AND(I5="Mở",H5<>"",$C$3>H5),"Quá hạn","")
A6: OQ-02 | B6: Quy tắc làm tròn khi phân bổ voucher? | C6: TC-04.4 | D6: FR-12, RULE-11 | E6: Làm tròn đến đồng, phần lệch dồn sản phẩm cuối | F6: Kế toán | G6: 46252 | H6: 46258 | I6: Mở | L6: =IF(G6="","",IF(K6<>"",K6-G6,$C$3-G6)) -> 3 | M6: =IF(AND(I6="Mở",H6<>"",$C$3>H6),"Quá hạn","")
A7: OQ-03 | B7: Có chấp nhận ảnh HEIC? | C7: TC-03.3 | D7: FR-03, NFR-02, RULE-05 | E7: Tự động chuyển sang JPG | F7: PO + Dev | G7: 46252 | H7: 46258 | I7: Mở | L7: =IF(G7="","",IF(K7<>"",K7-G7,$C$3-G7)) -> 3 | M7: =IF(AND(I7="Mở",H7<>"",$C$3>H7),"Quá hạn","")
A8: OQ-04 | B8: Thử lại khi API hoàn tiền timeout xử lý thế nào? | C8: TC-08.3 | D8: FR-13, RULE-12 | E8: Truy vấn trạng thái giao dịch trước khi thử lại | F8: Dev + Kế toán | G8: 46252 | H8: 46258 | I8: Mở | L8: =IF(G8="","",IF(K8<>"",K8-G8,$C$3-G8)) -> 3 | M8: =IF(AND(I8="Mở",H8<>"",$C$3>H8),"Quá hạn","")

Sheet CR management
A1: CR MANAGEMENT
A2: Dự án: Tính năng Trả hàng & Hoàn tiền - Công ty Điện Máy Cam | Mã: RR-REQ-001 | Phiên bản 1.0 | Cập nhật: 21/08/2026 | Người quản lý: Lê Văn Mạnh (BA)
A4: STT | B4: Mã CR | C4: Ngày | D4: Thể hiện | E4: Hệ thống | F4: Tính năng | G4: Trước thay đổi | H4: Sau thay đổi | I4: Chi tiết thay đổi | J4: Ưu tiên | K4: Ver SRS | L4: BA | M4: UX | N4: BE | O4: FE | P4: IoS | Q4: Android | R4: QA verify | S4: Note
A5: 1 | B5: CR01 | C5: 46248 | D5: App/CMS | E5: Trả hàng & Hoàn tiền | F5: Đổi hàng | G5: Phiên bản 1 chỉ hỗ trợ trả hàng và hoàn tiền | H5: Cho phép khách đổi sản phẩm lỗi sang sản phẩm khác (cùng giá hoặc bù/hoàn chênh lệch) | I5: Bổ sung luồng đổi hàng: chọn sản phẩm thay thế, kiểm tra tồn kho, xuất hàng thay thế, thanh toán bù chênh lệch. Ước tính +16 SP. | J5: 2 | K5: 1.0 | L5: Done | M5: New | N5: New | O5: New | P5: New | Q5: New | R5: New | S5: Hoãn sang phiên bản 2 - xem sheet CR01
A7: Mỗi thay đổi phát sinh sau khi tài liệu đã duyệt được ghi một dòng tại đây và lập phiếu chi tiết (sheet CRxx) để đánh giá tác động trước khi phê duyệt.

Sheet CR01
B1: CR01 - Phiếu yêu cầu thay đổi
B2: Dự án: Tính năng Trả hàng & Hoàn tiền - Công ty Điện Máy Cam | Mã: RR-REQ-001 | Phiên bản 1.0 | Cập nhật: 21/08/2026 | Người quản lý: Lê Văn Mạnh (BA)
B4: STT | C4: Thông tin cơ bản | D4: Chi tiết
B5: 1 | C5: Ngày yêu cầu: | D5: 14/08/2026
B6: 2 | C6: Tên người yêu cầu: | D6: Trưởng phòng CSKH
B7: 3 | C7: Dự án / Tên sản phẩm: | D7: Tính năng Trả hàng & Hoàn tiền - App/Web Điện Máy Cam
B8: 4 | C8: Phiên bản hiện tại: | D8: SRS 1.0
B9: 5 | C9: Mô tả ngắn của yêu cầu thay đổi: | D9: Bổ sung chức năng đổi hàng: đổi sản phẩm lỗi sang sản phẩm khác
B10: 6.1 | C10: Mục đích của yêu cầu thay đổi: | D10: Khoảng 15% khách gọi hotline muốn đổi sang sản phẩm khác thay vì trả hàng
B11: 6.2 | C11: Lợi ích kỳ vọng: | D11: Giữ doanh thu (khách đổi thay vì trả), tăng hài lòng khách hàng
B12: 7.1 | C12: Phạm vi thay đổi: | D12: Bổ sung quy tắc đổi hàng; sửa RULE-11 (tính tiền), FR-02, FR-11, FR-12; màn hình M2, M5; luồng thanh toán bù
B13: 8.1 | C13: Mô tả chi tiết thay đổi được đề xuất: | D13: Khách chọn "Đổi hàng" và sản phẩm thay thế; hàng đạt kiểm tra thì Kho xuất hàng thay thế; nếu chênh giá, khách thanh toán bù hoặc được hoàn phần chênh theo RULE-10
B14: 9.1 | C14: Ước lượng số giờ/công: | D14: Khoảng 16 story point
B15: 9.2 | C15: Ước lượng thời gian: | D15: 1 sprint (2 tuần)
... B24: 14 | C24: Ghi chú hoặc ý kiến thêm: | D24: Không làm trong phiên bản 1 để giữ mốc go-live
