Workbook

Sheet Stakeholder Register
A1: STAKEHOLDER REGISTER
A2: Dự án: Tính năng Trả hàng & Hoàn tiền - Công ty Điện Máy Cam | Mã: RR-STK-001 | Phiên bản 1.0 | Cập nhật: 05/08/2026 | Người quản lý: Lê Văn Mạnh (BA)
A4: ID | B4: Stakeholder | C4: Vai trò trong dự án | D4: Quan tâm chính | E4: Ảnh hưởng | F4: Mức quan tâm | G4: Nhóm chiến lược | H4: Chiến lược tiếp cận | I4: Kênh giao tiếp | J4: Tần suất | K4: Ghi chú
A5: SH-01 | B5: Giám đốc Khối TMĐT | C5: Sponsor - phê duyệt ngân sách, quyết định cuối | D5: KPI, chi phí, thời hạn | E5: Cao | F5: Cao | G5: =IF(AND(E5="Cao",F5="Cao"),"Manage Closely",IF(E5="Cao","Keep Satisfied",IF(F5="Cao","Keep Informed","Monitor"))) -> Manage Closely | H5: =IFERROR(VLOOKUP(G5,Matrix!$A$14:$B$17,2,FALSE()),"") -> Tham gia trực tiếp các quyết định; họp định kỳ; xin phê duyệt ở mọi mốc | I5: Họp trực tiếp, Email báo cáo | J5: Hàng tuần
A6: SH-02 | B6: Product Owner | C6: Quản lý backlog, ưu tiên tính năng | D6: Giá trị sản phẩm | E6: Cao | F6: Cao | G6: =IF(AND(E6="Cao",F6="Cao"),"Manage Closely",IF(E6="Cao","Keep Satisfied",IF(F6="Cao","Keep Informed","Monitor"))) -> Manage Closely | H6: =IFERROR(VLOOKUP(G6,Matrix!$A$14:$B$17,2,FALSE()),"") -> Tham gia trực tiếp các quyết định; họp định kỳ; xin phê duyệt ở mọi mốc | I6: Họp, Slack/Teams, Jira | J6: Hàng ngày
A7: SH-03 | B7: Trưởng phòng CSKH | C7: Người dùng chính của trang Admin | D7: Giảm tải hotline, dễ thao tác | E7: Cao | F7: Cao | G7: =IF(AND(E7="Cao",F7="Cao"),"Manage Closely",IF(E7="Cao","Keep Satisfied",IF(F7="Cao","Keep Informed","Monitor"))) -> Manage Closely | H7: =IFERROR(VLOOKUP(G7,Matrix!$A$14:$B$17,2,FALSE()),"") -> Tham gia trực tiếp các quyết định; họp định kỳ; xin phê duyệt ở mọi mốc | I7: Workshop, Họp | J7: Hàng tuần
A8: SH-04 | B8: Kế toán / Tài chính | C8: Duyệt và đối soát hoàn tiền | D8: Chính xác, chống thất thoát | E8: Cao | F8: Trung bình | G8: =IF(AND(E8="Cao",F8="Cao"),"Manage Closely",IF(E8="Cao","Keep Satisfied",IF(F8="Cao","Keep Informed","Monitor"))) -> Keep Satisfied | H8: =IFERROR(VLOOKUP(G8,Matrix!$A$14:$B$17,2,FALSE()),"") -> Mời review và ký duyệt các phần liên quan; tham vấn khi có thay đổi chính sách | I8: Workshop, Email | J8: Theo mốc
A9: SH-05 | B9: Pháp chế | C9: Rà soát chính sách đổi trả | D9: Tuân thủ pháp luật | E9: Cao | F9: Thấp | G9: =IF(AND(E9="Cao",F9="Cao"),"Manage Closely",IF(E9="Cao","Keep Satisfied",IF(F9="Cao","Keep Informed","Monitor"))) -> Keep Satisfied | H9: =IFERROR(VLOOKUP(G9,Matrix!$A$14:$B$17,2,FALSE()),"") -> Mời review và ký duyệt các phần liên quan; tham vấn khi có thay đổi chính sách | I9: Email, Họp review | J9: Theo mốc
A10: SH-06 | B10: Quản lý kho / Logistics | C10: Tiếp nhận, kiểm tra hàng trả | D10: Quy trình rõ, không tồn đọng | E10: Trung bình | F10: Cao | G10: =IF(AND(E10="Cao",F10="Cao"),"Manage Closely",IF(E10="Cao","Keep Satisfied",IF(F10="Cao","Keep Informed","Monitor"))) -> Keep Informed | H10: =IFERROR(VLOOKUP(G10,Matrix!$A$14:$B$17,2,FALSE()),"") -> Cập nhật tiến độ thường xuyên; mời workshop, UAT và sprint review | I10: Workshop, Sprint review | J10: 2 tuần/lần
A11: SH-07 | B11: Quản lý cửa hàng | C11: Tiếp nhận hàng trả tại cửa hàng | D11: Không tăng tải nhân viên | E11: Trung bình | F11: Cao | G11: =IF(AND(E11="Cao",F11="Cao"),"Manage Closely",IF(E11="Cao","Keep Satisfied",IF(F11="Cao","Keep Informed","Monitor"))) -> Keep Informed | H11: =IFERROR(VLOOKUP(G11,Matrix!$A$14:$B$17,2,FALSE()),"") -> Cập nhật tiến độ thường xuyên; mời workshop, UAT và sprint review | I11: Email, Sprint review | J11: 2 tuần/lần
A12: SH-08 | B12: Đội IT (Dev, QA, Designer) | C12: Xây dựng hệ thống | D12: Yêu cầu rõ ràng, khả thi | E12: Trung bình | F12: Cao | G12: =IF(AND(E12="Cao",F12="Cao"),"Manage Closely",IF(E12="Cao","Keep Satisfied",IF(F12="Cao","Keep Informed","Monitor"))) -> Keep Informed | H12: =IFERROR(VLOOKUP(G12,Matrix!$A$14:$B$17,2,FALSE()),"") -> Cập nhật tiến độ thường xuyên; mời workshop, UAT và sprint review | I12: Daily standup, Jira, Slack/Teams | J12: Hàng ngày
A13: SH-09 | B13: Khách hàng | C13: Người dùng cuối | D13: Nhanh, dễ, minh bạch | E13: Thấp | F13: Cao | G13: =IF(AND(E13="Cao",F13="Cao"),"Manage Closely",IF(E13="Cao","Keep Satisfied",IF(F13="Cao","Keep Informed","Monitor"))) -> Keep Informed | H13: =IFERROR(VLOOKUP(G13,Matrix!$A$14:$B$17,2,FALSE()),"") -> Cập nhật tiến độ thường xuyên; mời workshop, UAT và sprint review | I13: Phỏng vấn, khảo sát, UAT | J13: Theo mốc | K13: Ảnh hưởng gián tiếp
A14: SH-10 | B14: Đối tác thanh toán, vận chuyển | C14: Cung cấp API hoàn tiền, lấy hàng | D14: Tích hợp đúng chuẩn | E14: Thấp | F14: Trung bình | G14: =IF(AND(E14="Cao",F14="Cao"),"Manage Closely",IF(E14="Cao","Keep Satisfied",IF(F14="Cao","Keep Informed","Monitor"))) -> Monitor | H14: =IFERROR(VLOOKUP(G14,Matrix!$A$14:$B$17,2,FALSE()),"") -> Thông tin khi cần tích hợp; theo dõi rủi ro tiến độ phía đối tác | I14: Email, họp kỹ thuật | J14: Khi tích hợp

Sheet Matrix
A1: MA TRẬN ẢNH HƯỞNG / QUAN TÂM (POWER / INTEREST)
A2: Dự án: Tính năng Trả hàng & Hoàn tiền - Công ty Điện Máy Cam | Mã: RR-STK-001 | Phiên bản 1.0 | Cập nhật: 05/08/2026 | Người quản lý: Lê Văn Mạnh (BA)
B4: Mức quan tâm THẤP / TRUNG BÌNH | C4: Mức quan tâm CAO
A5: Ảnh hưởng CAO | B5: {=_xlfn.TEXTJOIN(CHAR(10),TRUE(),IF('Stakeholder Register'!$G$5:$G$14="Keep Satisfied",'Stakeholder Register'!$B$5:$B$14,""))} -> Kế toán / Tài chính Pháp chế | C5: {=_xlfn.TEXTJOIN(CHAR(10),TRUE(),IF('Stakeholder Register'!$G$5:$G$14="Manage Closely",'Stakeholder Register'!$B$5:$B$14,""))} -> Giám đốc Khối TMĐT Product Owner Trưởng phòng CSKH
A6: Ảnh hưởng THẤP / TRUNG BÌNH | B6: {=_xlfn.TEXTJOIN(CHAR(10),TRUE(),IF('Stakeholder Register'!$G$5:$G$14="Monitor",'Stakeholder Register'!$B$5:$B$14,""))} -> Đối tác thanh toán, vận chuyển | C6: {=_xlfn.TEXTJOIN(CHAR(10),TRUE(),IF('Stakeholder Register'!$G$5:$G$14="Keep Informed",'Stakeholder Register'!$B$5:$B$14,""))} -> Quản lý kho / Logistics Quản lý cửa hàng Đội IT (Dev, QA, Designer) Khách hàng
A8: Nhóm | B8: Số stakeholder
A9: Manage Closely | B9: =COUNTIF('Stakeholder Register'!$G$5:$G$14,A9) -> 3
A10: Keep Satisfied | B10: =COUNTIF('Stakeholder Register'!$G$5:$G$14,A10) -> 2
A11: Keep Informed | B11: =COUNTIF('Stakeholder Register'!$G$5:$G$14,A11) -> 4
A12: Monitor | B12: =COUNTIF('Stakeholder Register'!$G$5:$G$14,A12) -> 1
A13: Chiến lược theo nhóm
A14: Manage Closely | B14: Tham gia trực tiếp các quyết định; họp định kỳ; xin phê duyệt ở mọi mốc
A15: Keep Satisfied | B15: Mời review và ký duyệt các phần liên quan; tham vấn khi có thay đổi chính sách
A16: Keep Informed | B16: Cập nhật tiến độ thường xuyên; mời workshop, UAT và sprint review
A17: Monitor | B17: Thông tin khi cần tích hợp; theo dõi rủi ro tiến độ phía đối tác
A19: Ma trận tự cập nhật khi thay đổi cột Ảnh hưởng / Mức quan tâm ở sheet Stakeholder Register. Quy tắc: Ảnh hưởng "Cao"+ Quan tâm "Cao" = Manage Closely; chỉ Ảnh hưởng "Cao" = Keep Satisfied; chỉ Quan tâm "Cao" = Keep Informed; còn lại = Monitor.

Sheet RACI
A1: MA TRẬN RACI
A2: Dự án: Tính năng Trả hàng & Hoàn tiền - Công ty Điện Máy Cam | Mã: RR-STK-001 | Phiên bản 1.0 | Cập nhật: 05/08/2026 | Người quản lý: Lê Văn Mạnh (BA)
A4: Hoạt động | B4: Sponsor | C4: Product Owner | D4: BA | E4: CSKH | F4: Kho | G4: Kế toán | H4: Pháp chế | I4: Designer | J4: Dev | K4: QA
A5: Phê duyệt phạm vi, BRD | B5: A | C5: R | D5: C | E5: C | F5: C | G5: C | H5: C | I5: I | J5: I | K5: I
A6: Cung cấp thông tin nghiệp vụ | B6: I | C6: C | D6: R | E6: C | F6: C | G6: C | H6: C
A7: Viết BRD, SRS, User Story | B7: I | C7: A | D7: R | E7: C | F7: C | G7: C | H7: C | I7: I | J7: I | K7: I
A8: Thống nhất Business Rules | B8: I | C8: A | D8: R | E8: C | F8: C | G8: C | H8: C | J8: I | K8: I
A9: Thiết kế wireframe màn hình | C9: A | D9: R | E9: C | F9: I | G9: I | I9: C | J9: C
A10: Ước lượng, lập kế hoạch sprint | B10: I | C10: A | D10: C | I10: C | J10: R | K10: C
A11: Phát triển tính năng | C11: A | D11: C | I11: C | J11: R | K11: C
A12: Kiểm thử hệ thống (QA) | C12: A | D12: C | J12: C | K12: R
A13: Kiểm thử chấp nhận (UAT) | B13: I | C13: A | D13: R | E13: C | F13: C | G13: C | J13: C | K13: C
A14: Đào tạo người dùng | B14: I | C14: A | D14: R | E14: C | F14: C | G14: C | K14: I
A15: Phê duyệt go-live | B15: A | C15: R | D15: C | E15: C | F15: C | G15: C | H15: I | I15: I | J15: I | K15: I
A17: R = Responsible (thực hiện) · A = Accountable (chịu trách nhiệm cuối, phê duyệt) · C = Consulted (được tham vấn) · I = Informed (được thông báo). Mỗi hoạt động chỉ có một A.

Sheet Communication Plan
A1: COMMUNICATION PLAN
A2: Dự án: Tính năng Trả hàng & Hoàn tiền - Công ty Điện Máy Cam | Mã: RR-STK-001 | Phiên bản 1.0 | Cập nhật: 05/08/2026 | Người quản lý: Lê Văn Mạnh (BA)
A4: # | B4: Hoạt động | C4: Mục đích | D4: Đối tượng | E4: Tần suất | F4: Hình thức | G4: Chủ trì | H4: Output | I4: Công cụ
A5: 1 | B5: Kickoff meeting | C5: Thống nhất mục tiêu, phạm vi, vai trò | D5: Stakeholders chính | E5: 1 lần | F5: Offline | G5: PM/BA | H5: Biên bản, Brief được duyệt | I5: Google Meet / Phòng họp
A6: 2 | B6: Workshop thu thập yêu cầu | C6: Làm rõ quy trình, Business Rules | D6: CSKH, Kho, Kế toán, Pháp chế | E6: 3-4 buổi (tuần 1-3) | F6: Offline/Online | G6: BA | H6: Biên bản, BPMN, danh sách yêu cầu | I6: Miro, Google Meet
A7: 3 | B7: Phỏng vấn 1-1 | C7: Hiểu sâu pain point từng vai trò | D7: Nhân viên CSKH, cửa hàng, kho | E7: Theo nhu cầu | F7: Online | G7: BA | H7: Ghi chú phỏng vấn | I7: Google Meet
A8: 4 | B8: Weekly status report | C8: Cập nhật tiến độ, rủi ro | D8: Sponsor, PO | E8: Hàng tuần | F8: Email | G8: PM/BA | H8: Status report | I8: Email, Confluence
A9: 5 | B9: Daily standup | C9: Đồng bộ công việc | D9: Đội IT, BA | E9: Hàng ngày (giai đoạn phát triển) | F9: Online 15 phút | G9: Scrum Master | H9: Jira cập nhật | I9: Jira, Google Meet
A10: 6 | B10: Sprint review | C10: Demo, nhận phản hồi | D10: PO, CSKH, Kho | E10: Cuối mỗi sprint | F10: Online | G10: PO | H10: Feedback, backlog điều chỉnh | I10: Jira, Google Meet
A11: 7 | B11: Sign-off tài liệu | C11: Phê duyệt SRS, Business Rules | D11: Sponsor, PO, Pháp chế | E11: Theo mốc | F11: Email + Confluence | G11: BA | H11: Tài liệu được duyệt | I11: Email, Confluence
A12: 8 | B12: Kênh trao đổi hàng ngày | C12: Hỏi đáp nhanh | D12: Toàn đội | E12: Liên tục | F12: Slack/Teams | G12: Tất cả | H12: — | I12: Slack/Teams
